"smurff","dead"
199.20200715925,200.744908773573
700.779235644499,707.163699790137
686.053457062402,703.274600276491
656.233102941266,670.581936644856
744.780453749001,767.456911496818
560.621543477755,628.119053607807
679.80523567996,724.274567779154
556.266416555565,570.026260303799
760.246810168028,808.133193508489
340.327980485503,352.081586931832
542.503666940431,546.547455594409
437.489542318524,447.338791297749
155.723938080482,195.591447649524
130.383500671014,174.57783466205
19.1035017794773,20.6658997319173
369.056106848642,392.991882620379
487.073445521436,488.618779497454
161.5444826358,179.246923227794
694.311702148523,704.371105165221
191.795284491498,264.878838574979
543.756909224205,579.458074705675
582.60975536122,622.191090142354
491.40837258799,511.704399672803
578.796912487131,608.803708527237
708.159715042682,749.974124738947
253.105413764017,313.174761808943
393.361842919658,396.00321114948
442.625666481967,444.739512471948
153.669523910034,162.482245219871
227.447455269412,237.750456028618
381.233832570998,382.307542270049
634.706929776268,640.75745408237
693.343361614482,715.208570238901
47.9287792611867,350.362386670895
94.6606512628496,205.343551221304
665.40808317256,674.517829681048
99.2306567598134,111.571844238788
137.089665172622,164.722964761313
449.458166574128,558.852020902093
686.50305289299,700.679803461768
618.268594161593,621.769559560344
61.8085354464129,136.438949681818
653.545087404549,703.257892174879
690.310529998395,701.404045023955
696.509903594705,698.198530294467
599.073531237588,600.721774180885
513.794729347048,515.365951022599
257.462285658577,296.656749673653
64.5964363365628,69.4456527214497
126.978196302895,171.21322180843
526.760613169621,528.607992138481
481.072363021784,483.960337266093
698.796160977567,799.108684064355
641.861377781724,642.674204040319
607.355865895774,616.486720202491
396.711464575026,427.132471381221
354.772204404697,369.382127013057
584.447793514468,658.661669338122
561.637226567871,575.490987290163
296.173195014203,304.670347760431
413.121124001453,441.757912294939
512.31225466565,526.742225708207
436.383362570247,436.84323224728
680.7669948227,683.443567861337
514.267801851733,548.720267902128
589.287157167131,590.092086092802
26.5296352646854,32.2415576595813
682.894988950608,699.55130743701
296.727176703513,323.024317971431
578.517121808138,591.336199120618
730.835005830973,808.576980091166
776.889658354688,838.699360016035
242.91719999794,260.807663209736
565.72144760564,589.254147291416
145.151886492333,165.657372020651
677.999097842014,698.327533931471
466.06534962726,481.06213225238
290.86696688115,294.510580384638
578.318084941013,697.638370502973
263.071757614845,753.263501843438
3.65252364031145,15.2998672742397
751.356272579626,756.347052900121
658.864492370191,662.075149842538
748.699543778218,758.671658784151
389.88778035486,391.248710819753
15.9636138982408,21.7217248049565
793.978864026722,814.532255144557
752.898373937234,814.79755630577
560.374810419045,587.210117855808
167.601949681994,176.530778299551
25.0718313703792,30.4487040326931
517.809030317934,548.298183009494
899.971605190434,907.004907954019
561.245045465102,562.451486863196
645.300287261605,669.357680530054
487.392845158,513.126978962449
351.596646356396,407.260143535212
753.941168537724,754.493783447891
752.646190561354,772.412311726715
726.589862872511,739.07628306374
844.14903411337,844.76501246891
21.2122098659165,35.0944557015318
726.988213595171,736.228742282838
221.475154572331,238.09843180608
589.347241020529,619.068309163675
416.428153760275,419.119130803039
775.530611256552,791.894397481345
531.58129286929,542.859891768545
694.336471968231,708.736066689249
516.700506890776,523.215245237574
268.291985760487,282.099469950655
768.931475192308,777.088716651313
7.33472787248415,17.4224142946769
256.351821108721,329.135246898513
283.518732943106,312.384207888972
588.993734929012,618.660295143723
682.908700901084,734.38510927558
779.082333051829,782.032896240707
513.820127166853,524.632931335131
668.584420705447,814.684367944952
345.028287251269,346.301551507786
40.7508334645536,49.9096995266154
76.4502198514529,578.904417508049
559.984145222232,615.07129455544
580.722580695908,583.599766945932
207.8676409123,237.880475657526
560.654131212046,564.392747411504
509.240438016467,510.978685992071
531.163140017074,541.183181819506
458.996630915441,516.102372584632
683.879740986507,903.760662199929
650.714402450249,674.275487459265
46.0789903288986,78.7316891062073
65.9199187625637,70.3074268796481
340.278783063404,540.969978518784
82.0495625464246,120.809300053865
267.049994570203,298.80193619756
45.2030512005337,70.6127870972268
95.8628247353082,98.8291429029778
511.689534778421,511.85286026774
493.886873169569,533.411284649977
656.88904967811,683.843425255734
629.32178732194,660.121547395829
484.395341978874,670.081480485387
496.489902991082,508.176858260529
362.418819501996,455.682797818677
565.683062980724,567.402325239498
237.273292307742,477.370540795149
464.4393882351,507.714379879879
626.832558199763,651.892869090661
359.41086916001,363.212717344053
249.6464450351,264.82925012405
215.381324405083,225.865821220446
340.384576063603,371.979954391718
261.962787160351,262.947240997339
332.35431964742,367.245562581345
464.015955720811,465.749126652954
277.675105800852,293.962993090507
82.9402474270492,93.2848258921877
768.558810429648,952.824024990201
363.401108182967,388.15665802639
679.392680822344,680.844050301006
79.2799949715845,369.235266095027
366.543729005381,410.473154775798
6.86149972840212,32.5419989922084
50.3056101083252,66.4935719729401
84.3076780629554,93.1764281112701
755.951052695513,914.640695952345
491.498513855315,493.235506291734
105.006037222469,113.060319035314
84.2874032151885,138.024953071028
303.433079983573,342.877646875568
35.2039933046326,397.569691063371
13.3672750107944,45.1300435313024
306.670223972038,310.177760114893
292.414302854333,509.507075747009
700.018770806026,804.949059960898
686.377676548257,697.89429527754
399.101531329419,400.58590517682
639.43046377224,640.292420729995
242.631291128016,248.732097623171
586.900479724398,706.012946870178
559.820071964568,560.40514143277
512.054130845703,581.689395563211
633.977464173367,646.422316491604
738.851795809343,821.564495836385
839.191393264817,841.15101721324
557.198424643371,696.389719186816
482.921072134512,490.024177722167
698.971581328195,773.71522942232
11.8512962339446,431.188763090642
556.26116179442,584.104688480496
8.79682917147875,42.3133774483576
540.869201070252,541.61329953419
276.361541593693,277.782183418749
498.257476877188,557.328304815572
172.841090166476,176.220436872914
583.407523680896,587.585289855255
48.6856086610388,52.2499775844626
573.749750611372,862.11834572698
50.6505762603992,59.1870815251023
442.435143125081,459.566400574055
586.240412838853,600.184084549313
289.637036694487,290.77924729744
753.069704826921,913.05445719976
74.8617323711514,89.4858859870583
175.244919768353,180.608982990496
356.6623164567,358.987742884085
677.071970409797,683.273543523392
75.2697798856534,124.024914951064
498.914883597288,521.022723810514
509.270816472789,509.702113402076
395.248473619098,401.331699225819
493.737670020899,518.030571416952
660.189886167945,662.832076258957
516.263706426602,541.266603473574
628.339057464984,648.910430110991
736.192705591598,745.257785348222
443.909882660034,446.006863885792
753.124892400578,820.973724850453
54.2767957740014,61.3488594349474
78.6466207966626,83.0009342953563
55.5591738358364,59.7137976558879
184.946155473337,192.214027832728
349.335795532216,364.524710302241
702.567330138991,853.964250229532
731.291710582106,745.743862804025
45.5321693946554,52.5332782780752
591.277763320599,900.069246054627
197.271917703633,198.782046709443
912.713746568832,925.6052847635
204.348978390942,205.276549435221
677.40105854922,701.874212478055
255.171315527244,258.726838436443
634.999350064289,650.110782649368
509.815978752637,525.822797991335
900.33700525587,916.398860135116
216.015353623404,216.111853923183
761.427537002877,769.650728745386
921.433440813168,925.523884719703
1.75454048212419,24.5952709768899
761.018180025741,933.648673376534
304.096120402644,309.90781147778
722.963661336573,792.179768051021
112.701012658887,130.599584430456
698.870066524483,823.010572300525
229.405123005856,238.193161853589
516.978927512886,660.926747162361
72.9387708604336,107.932227470446
73.7998410114087,91.8164124540053
341.294101025892,350.917209598236
269.2634362916,312.290684256703
580.183154037222,604.082191606984
915.396360024811,926.110231343191
639.105493022225,647.354821905494
615.526461228728,669.900413121097
756.877741409466,805.452789412113
688.732916354202,728.97377606295
625.305349567511,625.589799931273
556.045310970497,557.167863889597
463.185921077927,463.663769972045
567.987396189156,573.673107457813
578.199959684388,582.616161651909
504.778738565976,579.115711284336
224.345061020816,232.915025962982
667.572751903602,674.186059874017
485.198768652277,648.521339148283
402.687778754497,411.797359789023
784.89772611404,786.484110163525
414.172246565482,433.242016475648
557.338706767794,571.054166289978
592.53425298906,592.819077902241
444.392658905359,769.800736906007
479.986991128884,783.843349895906
340.286955690338,343.454012971371
57.3184600600332,58.9546577185392
42.1809762199409,310.132338375784
485.898924192516,487.091966295615
243.059729409059,249.033161452273
778.591945354744,785.347660409287
471.276557467412,507.8347441121
123.508931209799,161.426940490492
388.278739277415,388.631025945768
184.983487883512,196.466773928609
604.718871877917,607.60335358046
644.772337852046,687.303788537625
444.740754635866,459.637698945822
497.202776294672,499.183057780145
118.501461911321,118.845350548625
94.5190321753297,98.5596005744301
251.224743473767,257.580652328208
236.881073134486,265.366313282168
611.248710202053,644.010646063834
565.098698739829,579.41115000844
55.7607633187436,100.045740541071
537.244086483603,548.312104285229
72.8673032488594,73.7166006253101
415.557490649334,429.772143450798
16.0292181763798,627.483905361965
434.50728058781,434.721167390933
340.144581180134,340.211152913049
697.350890172878,862.996399784461
191.286524266084,195.808162976056
566.296779507829,570.226571029052
448.22933413228,473.371754094725
120.800069586569,122.272982832044
509.401582722529,512.811633808073
449.697928205277,452.443119681207
462.222994814523,474.617621819489
439.700146536317,458.403170517646
75.8955424226491,78.7858249493875
179.293411577554,183.532803174108
612.295597161079,624.48683241196
46.8057486552279,50.4589907606132
481.862422838109,521.674522242742
679.096171875864,696.551942056743
513.670850333059,547.346708598081
445.274460808593,452.221558343386
377.769792010157,379.745319701731
700.838644990465,727.481301972643
440.274742217967,470.266832335852
243.895051562933,253.097200360382
202.303057914974,208.611672153231
198.848548427652,199.759939800482
278.969543106112,280.372794505442
855.578257137768,856.26674064761
482.112679483369,684.1236485017
652.344048197614,752.696023747325
630.250073432299,637.469876617193
84.8427178068087,148.544097347185
306.14836269384,306.65765484795
432.055598198436,481.122873569606
580.211494668136,580.729602752486
515.873785647405,516.694467424881
482.372759749388,485.160304247402
193.142434686888,441.096292094095
468.15520740601,475.928626207169
466.505417434731,528.070483715041
282.073769431794,309.439235952217
509.804854354343,527.53907275945
677.75482588202,678.009332482703
650.291469959633,650.960798540153
607.620940107626,608.409406479448
410.502873291029,450.383693155833
628.511542670343,641.890336317942
198.620747680776,229.050131136086
562.848574956743,565.781031075865
483.339355389452,490.600086393068
0,108.215703709982
14.8444100506604,92.5913581205532
22.9268059786409,186.999036574969
0,372.237753181951
4.68175368010998,441.290379300714
0,611.339938128367
81.1441482312512,344.771840728819
0,348.795298671816
98.5311654956354,109.947054029908
0,140.12670615036
0,190.787220841972
152.876910125837,530.79431001097
0,109.119661038043
342.63877629186,555.892338361591
748.63251862675,789.873160297051
317.008491277229,508.345597232925
192.662936060689,363.009952292079
556.465699432883,791.674344306812
342.342329957755,444.605223907158
172.822781586556,174.274893646128
652.20790986287,658.662104890216
81.8757382369591,104.613928273786
174.150338001316,480.28044998087
773.074118615594,778.37942013517
806.465584821999,843.848719639005
116.971122145653,721.306746006943
0,117.611772595439
18.3562747836113,105.650572692743
607.005172030069,655.579831342446
212.384321415797,368.570539654
154.439628245309,665.9021603195
452.966081460938,624.67293821834
198.574081356974,200.905477192253
147.493444912108,163.120702451095
337.397826786619,358.835073284805
501.752093220362,653.86375192483
676.556605868507,715.411479715025
487.78049658387,491.221499898471
268.191491491233,278.051092989743
267.176597099434,268.023485178128
398.272413224448,438.838013688102
111.488705616878,114.077343603829
195.197694465518,235.00639926549
582.87258502515,654.173431940842
92.1983947283588,405.906344175572
821.498054996133,882.959720808547
663.325361934473,669.806241240352
544.662583790487,621.966040011495
295.274581498001,459.011377612129
311.570795321371,656.745645107934
173.583019000155,173.60153024178
0,300.783805604558
315.285314011853,342.961121045286
485.26471366547,626.600855425
144.304449575022,185.043693135725
294.795835893601,487.48012053105
665.247766008601,707.638109884923
606.334910483798,794.937820576131
284.387273965403,589.969399918802
353.148560967762,596.784993903944
225.719538373873,327.970064894762
224.317200001329,478.669066054747
6.13958666101098,112.759830359835
761.544802654069,820.844920024276
500.684522309108,629.158485889435
653.537851809123,662.270775848301
97.9433387317695,130.292819416616
224.620713785291,290.902834491804
653.680323932962,656.359149009921
622.472012607381,706.637451922055
178.790739658891,181.745169450529
350.822136684088,831.75016248622
143.545143962124,145.319782301784
757.377808398567,816.06764569506
660.035877774004,784.674369076267
193.429214705965,193.69707849063
151.095111264847,176.855945489369
756.744327032473,800.469736959785
17.5947624016553,458.128322739154
656.055965716559,665.460842879256
450.106678672135,463.459715444595
808.822837922722,828.890684001613
146.09303605929,206.083940207958
17.5030151959509,80.2471283182967
439.292898461223,721.304313165369
109.864440252772,241.730991935823
609.787098642141,620.338347930461
23.938568059355,103.011165844044
507.40349172987,614.313644349575
196.9037133948,197.42083001323
802.566993772935,802.827105719596
363.012044408044,363.319954051869
448.233813509345,483.186964921653
87.891201016726,216.055232211482
106.748859539395,305.117195062805
764.720319015762,766.40755939018
152.969234071597,157.608605369925
173.078726630161,176.00146234571
174.080768084852,502.780522081535
444.891216019168,507.199040923966
501.157132118475,831.996946035884
339.987971270457,501.042088262271
289.388899622485,485.899894841015
745.535079902038,761.331521530636
755.498989773449,820.440416010097
318.794321621535,503.723517253762
680.403670478147,826.083737372188
767.400701312115,844.286361149512
445.146916430444,616.063429964706
11.0702476613224,400.378864584025
469.627544031902,474.792403539643
487.392721291631,715.654170177644
0,89.7005290905945
116.143910652958,131.996953152586
586.879678257275,821.934316756204
501.919380105333,609.527887461707
726.732102853479,790.59565422684
328.127475895453,777.445814237697
14.6408850364387,101.244720087387
602.554521186976,665.482233259827
239.272394485772,748.508046079427
319.25483660074,614.303531790152
293.869364882354,483.637132303789
79.9604915134581,81.8142243521288
268.380729200318,464.520547069609
242.301141526084,275.771342966706
552.593906837283,707.229387383908
658.033683337384,668.792498211609
505.905747025041,526.397136488929
659.144653043639,662.733309708303
496.645680205198,522.280491514131
19.9319464378059,82.6030179318041
5.50651599280536,144.399504526984
483.430915145203,504.75815707026
233.434938769788,381.643640147289
152.705636583269,240.61315129837
21.5167314168066,194.33194081299
82.8462855889446,91.4545626828913
229.405385625083,774.239863330266
750.259666671976,889.333960540593
493.658970926423,512.013513116166
658.823778852588,714.501629050123
610.869332542715,630.358810588717
175.778917505173,652.951664116234
187.724527666578,234.97261736868
119.846907115774,670.844336736947
319.999835393392,607.143447978655
347.727061033177,347.738232824253
109.300295688678,141.599996456876
225.621078160591,281.26711843349
310.637812177651,499.076641730731
504.294884316856,619.580955125391
665.309063159814,665.604680321645
946.546150750081,948.522635871544
462.771425385028,586.418993438361
505.188488856889,523.659095991403
624.475253485143,888.316392086446
98.1392044294038,117.703462696169
812.152524158359,827.594589679735
714.456223518122,750.738080766052
349.963675969047,449.425371291116
552.113095493133,558.50354915834
339.814983567921,347.061778730713
203.914715285687,209.426503265277
535.920900248457,833.019048312213
661.21462984453,846.687065279344
16.1190570350736,95.2741503636353
344.012460464994,362.774004395586
205.86782792721,206.697676468641
100.830321569694,217.657706378493
172.025821182124,172.070683428552
177.182120882824,180.63854009076
156.922285500132,160.172184010968
492.589263444766,608.681860978017
195.050987560953,204.865948870778
93.8237164653083,118.521095962264
388.936223950703,456.221909126267
599.24033556995,706.937301801285
177.525370353095,187.735321147367
141.64506169613,163.570125372149
0,113.173031582497
607.111733530881,675.344425550662
294.473550939001,517.907597403973
666.630611367152,671.633466499159
324.185978951674,334.118420610903
459.076652750373,527.188005693257
309.841761616059,558.452290752903
502.681078803958,656.609994066646
198.558721508273,209.834657810628
206.06261250563,223.646557947155
359.14828577792,363.147628473816
79.1354215344391,79.4870917371009
675.087577860104,754.669912913349
454.126885307953,470.874787872657
593.068687504856,678.317370588658
652.145801321138,706.413199556759
491.009088496445,547.58900288376
494.316449216116,503.21291593276
343.306102837669,388.444665449439
810.935860073194,893.558642562944
175.664433698403,583.251771235373
95.9973453603326,119.579757195665
393.934601428453,588.249527382664
528.037362124771,822.997656984255
817.40878995508,955.469623453915
504.498734582681,996.187754511833
311.995881462935,722.765874137171
328.93760786159,584.087514395127
300.4013483827,597.800566649297
496.196482040919,665.390035703778
100.843766817823,151.035350699909
452.52500612475,588.70488361828
184.746859200299,318.441964858212
131.299542489927,157.543865617365
397.446248714812,484.60626270622
165.948028647341,626.207295890898
547.711177684832,622.486278645694
214.117675466463,675.633776776493
144.29513160831,165.932335326448
193.240580010746,198.274881349877
207.986051814631,493.994634954957
152.880457951687,184.892304625828
172.730726366301,172.942233619746
86.6266715931706,533.849178262055
0.463803889229894,246.593943854794
387.071290728636,491.808451637859
81.2458575768396,714.867955093272
677.236286150524,792.952064314857
360.662040323485,721.383665445959
96.4278189046308,133.44760378683
184.286091948859,589.703820370836
619.521655725315,653.931471565971
743.896466894075,829.857769275783
406.808392446954,722.76931344159
193.922851121053,329.849568565842
483.908003881574,546.787848820677
285.042416274548,657.923129730392
357.401145881042,764.82374774944
15.9870861712843,185.630513179582
587.93674931908,720.100919566816
280.217541994527,824.518101898953
306.447101157624,352.945685443003
232.640207750723,588.456778791966
543.194171292269,553.759983690688
525.428867338225,608.430991600966
338.869696847396,597.882833541138
527.173155011609,605.385875096312
375.332056863932,609.377862984315
80.28388352844,82.2733754026704
229.133851840161,821.106415979564
583.840615613619,849.938816116424
143.238850872032,704.048984505702
91.3535472769622,98.0025338560808
203.731954999268,476.213758131489
388.230023777112,594.417482624296
204.191407512873,708.42827383522
297.064452246297,667.477431599051
457.269144130871,706.729939727578
292.545840791892,485.780965637416
179.138771840343,183.642323725158
2.02378969743663,2.14152784645557
129.212153632266,129.70986097632
104.832721913333,118.272021681303
360.254263242241,766.22915503988
371.376519159181,660.294370847289
652.378143131412,655.609084820608
193.088046249146,193.79223587364
97.9919427490609,100.206702410942
335.1903217996,549.214835001621
333.57992913574,369.467231696239
196.814714874291,202.605234228075
557.686728218105,585.810281453887
86.8963261025492,433.782664371654
299.004463883117,758.918245320208
535.354069657624,818.719133654609
0,477.638664012775
486.026126728547,486.80862728646
251.606840486173,389.683089847211
79.7724613418502,79.7905213108752
680.296600035625,952.075795538723
329.818010327872,357.864091091789
750.075414553285,757.531494766707
216.523813284934,413.614369369578
461.779336731881,621.050500161946
234.651154967956,290.414829103276
89.7740744005423,250.21276512742
714.057476628572,957.78199092485
0,223.293267068919
376.068180402508,412.061718524899
862.442009752359,870.204730708152
629.422886073589,670.292349687079
480.593732384965,500.368048676988
609.446311606094,756.08038747753
545.271140234545,672.289384661941
214.557198887691,785.704925825819
227.904080202145,228.512631004676
19.8246409222484,90.5566976193804
211.257666643709,442.868475370109
196.729732010514,481.047756833956
656.512537744989,658.780178684974
299.245082924142,435.897098341491
216.268556058407,448.785148914903
154.196628874168,199.714408790693
112.610809575068,491.472010432277
0,475.1825103499
191.325691271573,394.325334665598
669.390899267513,747.607556495816
741.948205254972,791.48329673335
107.061620440567,326.761995003326
0,10.9266186989844
723.410451053409,761.392962918151
667.344454573933,842.799215634819
144.635013090447,307.391819519456
81.4609261068128,88.9113756245933
198.346829387831,207.586003111675
106.927158958617,109.355218685465
195.915066987001,200.910898579285
175.770206669207,183.90605601063
143.814160855377,153.21751589328
612.028279742226,654.831521899439
676.388193781823,677.720555841457
345.772966595367,473.418362438679
525.502877201885,614.233133107424
144.551729282364,229.442882286385
337.712221209658,506.269157562871
173.697750573745,425.227310508024
494.868415403413,661.223981210496
157.274661912583,525.222273273394
500.634429884609,609.313546959311
0,18.9267066065222
539.737566807307,662.629554041661
609.66084791705,609.81689965725
759.436794098954,764.011777684325
209.512013943866,680.702598643722
108.414814771215,118.953746768879
215.737290862948,596.269313324941
283.088672026992,558.342610959662
789.295644313922,793.743285084143
539.547391139204,659.81880043936
375.987501700788,388.741455389652
211.589244686067,373.263433912303
181.097879292211,859.76300163893
238.8948752461,305.771882142406
16.5738012995571,226.253880446777
469.341342665255,519.393132222816
446.067014923319,469.325514525175
210.020098561421,598.281356789405
81.2277384403118,90.6225355770439
834.836331697386,844.880175455706
719.210892230971,773.995546173071
731.731713859364,793.269510289654
181.842154941289,312.219446946867
98.5887475565542,179.965333759785
82.5916621435899,671.23169037723
475.939821453765,497.214671155903
589.239154219162,730.556770373136
208.308676626533,678.967894737376
222.12817284477,227.878161436878
172.888540293556,452.516691103578
656.781813520825,667.275979299797
209.973340483382,252.79194272263
618.143318144605,673.310578998644
128.103142283669,129.308565577026
223.139339593705,613.775081321597
196.039203563705,717.214146910468
595.595584725961,950.917868068907
145.738087375943,146.047179526649
770.846543522319,780.555844074115
752.149149896577,754.220291346544
90.9619438631001,97.591067657806
712.42156781624,718.95041284943
770.716208123602,795.12776505202
666.876527543878,761.344818878686
243.039040374104,674.704943274846
276.032289102674,314.705295474268
467.82507606782,598.25409998442
810.227622916922,826.75185605092
186.022050017957,362.027974626515
741.035539515316,776.852732114028
385.744011432165,478.188576668501
599.107469551032,672.842330096522
173.819770364184,177.236761103151
107.851235547816,118.250144277466
212.158115262166,719.92999692075
240.606267559808,492.774301943369
590.172077857889,677.600831242045
313.473139421083,449.979087498039
96.8369206306525,161.687930967659
173.434707417795,178.036124581937
534.640491511673,657.418604752515
142.541735120118,157.380772778764
450.814463725314,509.623728589155
786.080326514319,955.067739245947
678.266161073698,737.164746433496
601.488323088183,602.579621546203
152.131281960701,155.088915182278
194.78207922905,198.265275890008
478.719431614503,509.554138612235
145.021856074615,157.98014637921
373.112963346532,421.515643788269
198.690138943493,335.020869389409
94.0744679502677,507.814205689589
234.410586311016,280.680304571986
144.587215362582,303.022196978331
776.2797535602,842.348857048433
881.453075234778,945.065055333544
375.41673984495,398.964221926406
452.274995416403,538.11424403917
673.381745540123,678.039113902021
269.684757778421,498.722948804731
127.302219937555,437.501641391544
81.6924966780934,180.760230614571
669.338015014135,679.089486498618
283.019325306639,464.723001211882
85.7981802360367,98.0046056939755
671.65274047805,741.594331836328
119.917310274439,338.266337829409
415.298120325151,417.018547839951
467.498850848526,654.714702224126
239.267657402903,344.776130155195
203.897667460144,745.945484502241
270.720850288868,502.651610366534
404.767152550165,598.084563788725
945.091497671325,1003.77938353084
434.288422879297,499.757195998915
659.263888810063,815.188343338668
103.428881167667,404.079089406412
478.875360544771,881.449955310207
396.323340228526,426.901812402764
518.499345282795,520.841751044616
386.331698457478,475.69709032774
0,114.39512779261
211.958939343691,273.958036215976
115.138442546828,144.806424036622
405.686327255797,418.52388423821
446.864128120244,627.192448910326
674.720445732819,794.02204804495
134.079645818099,335.258040435147
335.910609472543,544.217783191707
209.199774282053,615.179956041276
222.921881900169,530.944019977003
777.168115761131,783.483167530969
873.518132605082,873.821996927727
677.325389433652,790.625087050721
587.193354934221,618.33733894676
116.297205703566,143.278229939286
0,15.2114997245371
23.659897249192,740.196465454996
200.053061187267,673.622463524342
80.2278447498102,187.071651666192
240.782501395792,303.805496903602
652.796194764447,673.788880970795
552.470523499651,669.865272145253
675.924288347712,676.482262354111
497.681554402458,603.424572159536
716.615623814054,740.743939155713
342.506344713299,360.486486173468
742.594975752756,755.54286264535
324.28816619562,583.261231981684
500.701486704871,594.560339536518
711.632854545955,746.239032777026
208.249025639147,336.682339628926
79.489896444374,79.6597001971677
186.188508853782,221.811083635315
619.060535436496,656.49212904647
192.033298206516,600.251983032329
105.371731545543,339.06691784854
210.866069301963,586.159665799001
611.521697426595,613.474371666089
173.916803442175,583.204358836636
620.004217399844,624.443513067439
608.039215983823,622.734733181074
81.8204847518247,96.0738263521343
595.294211788103,736.426966672763
326.510098918026,334.427554571303
747.454840991646,825.711786281317
173.082279453882,174.908450017683
98.5479520836379,194.429882708937
96.8875794613268,313.653540429659
202.048241741955,498.258828885388
329.336532069137,347.339745610952
652.39673261554,945.75001691794
475.813655158505,493.84675241448
338.492362373509,412.675922986353
0,332.998198478017
779.968465216458,819.469858152792
320.939210607903,353.863300470868
395.784531248035,657.3627800229
195.429766842103,197.188588788733
329.222755172523,360.706481841858
487.690583667622,500.150411757873
176.331389452796,335.962325664237
830.166336107301,871.909201416187
868.47272354238,877.002667563967
513.050898328424,554.477595383069
198.896818459034,501.240509260911
81.7703811574386,82.2139155853074
79.6768569080592,81.5049641712103
665.740670285809,676.826539066387
206.221671931446,474.834097595885
208.238828620045,208.620612148196
487.838693147147,489.341343119973
228.120710369665,473.073489496484
207.483710091561,281.101240787655
205.038560530277,208.22836167179
481.548955159262,499.63503235043
84.2236052589328,90.4495026420336
536.642562204506,592.134984437143
248.385728720576,395.4329162715
415.464411885012,461.387746497989
315.200489547569,550.983964077896
195.203622505069,720.362655413104
107.213645493379,177.456779700238
194.42575644924,203.284408085048
190.073569894768,202.809308608994
773.623876171885,809.662774447352
300.10000910284,351.718743121484
93.4762236508541,164.064952721819
658.575559352292,751.649731703103
0,84.6672569841612
93.3564986371974,115.641303223558
0,80.6944470796734
90.201658707234,96.0860409704037
609.755476377817,614.186789112166
88.526610054694,91.6548053151928
473.842739447951,728.335932877148
2.49406402744353,85.7926716993097
130.196200985002,131.341576141771
172.672323756687,191.94005108159
97.1534014988135,118.197342901258
0,292.115866673645
941.966591720469,998.407401466742
194.774324743077,256.804978910834
343.650569722522,485.784292906523
335.735730036888,336.991818635259
232.603281040676,415.9534721456
407.699702953221,955.339375958778
160.465437647562,162.91182964202
670.835442784475,712.997070475016
308.373856035061,477.941343767568
389.018648173055,389.998310314957
423.339040134568,482.792231043801
90.4288531569764,240.233733290806
206.309256170177,216.186392659321
295.220905345399,346.282528671902
237.95786613971,711.503080763854
447.617565913126,593.898913739948
441.716842755675,474.841479985043
188.150886490941,229.75496275723
104.812685482437,296.641642160248
601.559901317814,664.481409488479
135.626496032812,165.99376350455
307.643355663624,308.054277570918
769.573002981022,877.749533092603
207.834846533835,538.216858673841
413.319870652012,414.452472136589
89.3120716183912,678.236427069642
177.772406759439,265.193912310526
207.610843007452,216.77677067928
161.37774552498,184.924280711217
356.108967215056,476.232157453895
202.494306886978,208.48400910385
469.856935160235,663.442533983849
544.814519999782,896.281733258627
748.362320730463,895.627558778506
486.961638946319,954.312822987791
593.022318709642,609.059326367453
1.8948778398335,101.03675025655
785.24034727551,867.150943536777
535.69597564955,538.294469689718
33.7602807576768,90.1169986347668
610.601714641787,621.39545206097
300.346814212622,344.209401515312
610.846498421859,743.08322349377
610.748699892778,795.126484045759
362.620093330741,387.042421411024
606.044593836647,669.282310452545
615.273741834331,637.103363415459
200.050835903748,214.938365721144
147.896552501246,206.920874041971
0,1.62927426933311
296.622563185869,539.182914977893
636.833653093083,851.061847588513
604.080850070808,824.804552024696
618.187744200695,735.064419383183
0,0.891986876958981
164.630241531879,269.105460992549
358.559913901612,450.21948896721
637.23631594656,658.132218978368
36.1447521150112,67.4320313460194
202.787238578545,278.686962293461
412.44145584479,433.509530773386
0,37.7574792746454
0,8.99269437091425
145.503658141325,154.104878332466
36.7112634962091,36.7913182284683
729.111777856946,873.364472890506
21.2449631539827,21.471601780504
35.7367558113064,35.9384479410946
618.593621211126,663.842919711722
0,275.704650095198
614.922885685693,638.987236276735
28.7312634673659,43.5168319456279
217.020671474165,217.473081414821
979.579954959452,1001.30829031859
606.474177333526,731.363862073049
742.207871142775,780.189050792716
41.1455709831789,80.7427652608603
51.1391158010811,124.585219299421
799.285890277475,911.887525328435
610.089562307578,628.194828358712
104.550503751665,110.372857457958
0,81.8150545889512
265.05236334214,505.606402994134
0,25.4581502024084
0,45.9621374714188
61.0166973397136,120.217150882352
976.748484730965,984.702927265782
461.479728248902,506.557330752956
0,43.788993453607
609.451292115729,839.658479654696
613.332933667116,685.011271071853
547.72596008656,559.727814326063
66.3356265532784,179.658929077908
198.405872054631,279.615820879582
0,265.96147298906
2.66225939802825,80.7783454982564
394.141829682281,435.501593490131
714.823333109962,816.401898779906
369.012145921588,546.894638493657
442.381614413112,614.663808853831
0,43.383803833276
616.123023907188,975.119818164036
174.73269475786,175.174178034998
603.976474660449,816.607648910023
102.114687688882,169.732045478188
292.0916349201,530.743433037773
405.66208964726,447.785896755755
610.854251749348,630.776599870296
0,25.3399956487119
369.189303457737,399.699213345069
53.464956250973,106.113210564014
604.01915337937,784.204139005393
55.9204051853208,57.8744065356441
80.1696287192462,81.235713631846
608.576059729327,666.271795470268
58.7674464434385,106.045354053378
602.153804443777,749.21228633076
288.669214853318,328.093564110808
373.550378039479,390.504365489352
698.776970585575,827.421114287572
17.93175119441,51.077619030606
114.523700962774,123.63385221269
606.576697267126,826.651569862384
192.093390374347,193.523619015003
772.322923509404,841.138660509139
54.1856555840932,136.606315291487
332.859265108127,563.268986631883
613.715663201176,762.458065586165
482.684592161328,574.679472498596
502.215272731381,546.011075252667
48.6449872646481,364.92024102807
359.502543944865,586.589961830992
362.519830396399,471.853649050696
700.698028478306,773.483371119015
628.149989999831,816.210880391533
73.6389904236637,84.8201697915792
811.965384094045,845.315537913237
284.384335988201,399.822928381385
85.1968406334054,265.909874273464
0,12.0794695469085
25.0365353152156,56.2642361614853
495.832180470228,513.408762230072
41.2975334892981,75.7527966927737
400.900273960084,464.640508783283
692.593956339173,820.628332112916
275.661223886535,391.206297491677
47.275870550324,51.0617478494532
325.878650891595,334.891309430823
263.864644732792,295.699080493301
22.4017616330402,31.4699938707054
39.8628634270281,63.178421926219
689.291760794353,782.499523380771
15.9779784986749,104.552590606734
435.598884810694,571.202777483268
678.560518479673,849.418125894386
434.568523172289,571.620402224828
91.1881566726155,94.227267035516
399.524378150003,438.48604699038
385.043912190944,417.276534646284
50.594283742733,64.1077443826944
52.1223661664449,53.4998982134275
298.51942828414,595.364112674491
434.215140677598,447.791613437235
299.726226219675,459.665641321568
87.2399452090778,105.623516352847
43.1584758460522,132.690003781114
263.495188499801,456.517990951193
611.722334200516,740.687797697261
673.697938240366,834.061055631144
0,32.8752243127674
0.953156290623605,5.08554432028905
313.07829417754,482.861058363225
601.237554074265,620.467335057212
685.525305077434,771.4020610312
65.4517809958197,186.575374785811
212.292901815148,249.73472166271
458.65459657996,504.427002744749
26.6944838893396,36.4415966542438
482.175889141392,528.350466184318
401.788321154658,602.182652662043
602.592789996881,652.50556609151
303.181643808028,455.083423397969
63.1826397722136,80.5409528887831
0,12.493677140912
405.755047752988,461.708461503964
0,28.6876988690346
45.4469037065282,106.927717019804
617.508352106903,736.782240565866
148.232695395892,162.279596506618
151.682737916158,162.044427514076
36.807634010911,51.104306710884
51.6404764184037,80.7711171861738
499.472185296007,542.363897439092
395.143985645147,442.992674446665
542.19201736711,547.555139342323
860.852945713326,991.081776383799
614.624086821917,794.851492689922
396.910947652534,587.739471594337
28.6607229933143,84.9103648175951
286.325860987883,558.855854103342
1.44714691350237,269.715944908559
171.061105801724,219.911382181337
406.144725199556,458.657891319832
138.531911474187,237.117584074615
41.1683114754893,58.7251859321259
389.151965591358,522.840057030087
389.124081124319,454.67403200944
45.8229649872624,49.2162753161974
692.864835480228,758.501096426509
58.2061153915711,96.6091151160654
397.759264364839,431.462906346656
21.4283382086288,22.6158816833049
633.792665407527,765.938713514246
106.608678821787,118.017510255799
50.9524485228763,56.122788650915
53.0614853049628,90.6122598964721
95.3834724671944,113.830721131992
608.419320189394,907.05486331135
101.518578221789,301.247987028211
25.7931143531366,27.5045761959627
601.132218542043,847.423062436748
62.9754876294933,80.7380647961982
671.3056911116,1011.94262502156
617.637435532175,667.637769539142
323.018161824904,375.134721817449
213.302543523721,269.986792106647
617.537150155287,760.338555186056
617.693488172721,819.792624378577
121.701155360513,123.439650508575
570.768568714937,585.363424174953
604.75905704312,735.490436121821
775.802270115353,819.367210967233
602.893351130653,702.250462152297
12.3160853649024,57.0228348886594
763.719229273498,984.381996064913
85.1812941646203,281.028797407169
284.514688407537,294.796583029674
601.755221403204,635.587362566963
398.621133209224,402.752223427407
282.670936743729,416.277934142854
0,36.1307603884488
339.224247835577,376.497175227851
19.8117054237518,41.9170385878533
374.64588772133,502.401726287324
726.796946534887,882.273783466779
262.482425107621,490.516168654896
314.630331535125,521.603002657183
776.65899063088,811.812079425901
366.303335310891,446.834475541487
263.656622391194,299.741875141626
353.457340955269,523.335380733013
263.164780587269,263.296350021381
486.36962822685,545.510062787682
544.865894440562,548.665384261869
386.167863653891,389.49006635882
296.217591795372,368.524851262569
0,6.23349455790594
263.099640816916,289.210009573027
68.1615595525837,72.8659211052582
87.3275034867264,113.30717360694
605.960359008051,684.88575026812
331.122935325661,332.723277637735
448.311108526774,505.379425811814
603.785877177026,675.303776888642
47.6823466943201,51.7592283263803
567.992170211393,602.935829538852
269.350864657201,418.257579358295
110.745566745522,158.064299161546
33.3157551032491,126.974147383124
602.513033803552,825.892974001355
334.664557279088,564.930291569792
674.271436970914,749.013679821976
692.187822570791,718.493929281831
480.047560742125,513.948389022378
405.147462716792,443.863611686043
728.859164668247,849.968224762473
618.666143415496,717.370442144573
601.660916463938,815.742665138794
0,43.4302778095007
368.789267892018,389.907140303869
685.054400317837,846.70953138778
611.977428622544,676.575114433654
265.482622772455,360.003178128973
329.575227888767,576.638495284598
385.885397386039,614.376577129588
731.329987835139,755.502236655913
604.730857990682,646.812500450062
79.8101067769254,85.8661264076363
478.686723186513,482.211001552176
140.428232738283,166.196849008091
108.024411635473,192.603358648717
31.2332237995746,41.6469032149762
640.203167845728,826.95426973165
21.9979675556181,25.5835903231055
104.383224591147,637.775345211616
296.096755162256,325.545035877032
617.048152246047,746.277190044522
403.662603667239,407.274078531656
614.944197751582,636.179727012524
608.299016958568,646.405591725837
419.229975055438,516.089682428399
239.36257771527,241.369294840144
399.508954174817,575.744534315076
772.201431177557,893.939368718304
772.474035327323,833.425451438408
256.940215168754,267.130873832386
225.243509022418,230.822067716392
771.134532443248,830.539197998121
406.993364669615,446.886515309103
359.556889377534,640.493852548301
262.529282755218,391.747572470456
678.765681438099,689.678359534126
320.899568061344,456.653661617544
117.022723003291,192.405264923349
321.298611772014,366.599272226915
602.277635286562,780.756673057564
608.072088132612,760.400326645933
654.063373713288,821.569277819013
605.935287528671,746.924731445499
34.7132762633264,64.8014127127826
89.6584511050023,121.450898809358
